{"unique_symbols": {"infty": Infinity, "None": null, "False": false, "NAN": NaN, "nan": NaN, "little_endian": true, "newaxis": null, "e": 2.718281828459045, "Inf": Infinity, "pi": 3.141592653589793, "True": true, "inf": Infinity}, "params": [["Q1_Lorentz1_wid", 0.025622326778149795, true, null, 0.025, Infinity, null, null, null, 0.025622326778149795, null], ["Q1_Lorentz1_cen", 47.585826682745534, true, null, -100.0, 100.0, null, null, null, 47.585826682745534, null], ["Q1_Lorentz1_amp", 0.952987062806093, true, null, 0.0, Infinity, null, null, null, 0.952987062806093, null], ["Q1_Delta1_cen", 47.585826682745534, false, null, -3900.0, 3900.0, null, null, null, 47.585826682745534, null], ["Q1_Delta1_amp", 5.798736765427748e-06, "True", null, 0.0, Infinity, null, null, null, 5.798736765427748e-06, null], ["Q1_Linear1_slope", 1.152087630036549e-05, true, null, -Infinity, Infinity, null, null, null, 1.152087630036549e-05, null], ["Q1_Linear1_intercept", 0.548396139947682, true, null, -Infinity, Infinity, null, null, null, 0.548396139947682, null], ["Q2_Lorentz1_wid", 0.10240598591935479, true, null, 0.025, Infinity, null, null, null, 0.10240598591935479, null], ["Q2_Lorentz1_cen", -57.22839603506837, true, null, -100.0, 100.0, null, null, null, -57.22839603506837, null], ["Q2_Lorentz1_amp", 2.5189118767396286, true, null, 0.0, Infinity, null, null, null, 2.5189118767396286, null], ["Q2_Delta1_cen", -57.22839603506837, false, null, -3900.0, 3900.0, null, null, null, -57.22839603506837, null], ["Q2_Delta1_amp", 1.2153211770282724e-10, "True", null, 0.0, Infinity, null, null, null, 1.2153211770282724e-10, null], ["Q2_Linear1_slope", -1.901566232862644e-05, true, null, -Infinity, Infinity, null, null, null, -1.901566232862644e-05, null], ["Q2_Linear1_intercept", 0.18801528260590614, true, null, -Infinity, Infinity, null, null, null, 0.18801528260590614, null], ["Q3_Lorentz1_wid", 0.028368413856848185, true, null, 0.025, Infinity, null, null, null, 0.028368413856848185, null], ["Q3_Lorentz1_cen", 17.606124722085852, true, null, -100.0, 100.0, null, null, null, 17.606124722085852, null], ["Q3_Lorentz1_amp", 1.308644565799403, true, null, 0.0, Infinity, null, null, null, 1.308644565799403, null], ["Q3_Delta1_cen", 17.606124722085852, false, null, -3900.0, 3900.0, null, null, null, 17.606124722085852, null], ["Q3_Delta1_amp", 7.628637721524001e-10, "True", null, 0.0, Infinity, null, null, null, 7.628637721524001e-10, null], ["Q3_Linear1_slope", -3.14544845658099e-06, true, null, -Infinity, Infinity, null, null, null, -3.14544845658099e-06, null], ["Q3_Linear1_intercept", 0.40247718036034463, true, null, -Infinity, Infinity, null, null, null, 0.40247718036034463, null]]}